Epoch,Loss
0,0.011866744720795065
1,0.011849916601931909
2,0.01182435893596531
3,0.011832232254329772
4,0.011839087432401191
5,0.01183558271441143
6,0.011842073232070437
7,0.011836412854542934
8,0.011831984767592407
9,0.011827808945699044
10,0.011836795143939195
11,0.011826025357136545
12,0.011850899128396784
13,0.011839573049655883
14,0.011830019569143506
15,0.0118310065832206
16,0.011830366468612656
17,0.011829402376117121
18,0.011852281102950325
19,0.011823166541448287
