Epoch,Loss
0,0.008120877953218435
1,0.008112454184217811
2,0.008104375018718352
3,0.008097454403608498
4,0.00809090110713612
